state,2020-01-30,2020-01-31,2020-02-01,2020-02-02,2020-02-03,2020-02-04,2020-02-05,2020-02-06,2020-02-07,2020-02-08,2020-02-09,2020-02-10,2020-02-11,2020-02-12,2020-02-13,2020-02-14,2020-02-15,2020-02-16,2020-02-17,2020-02-18,2020-02-19,2020-02-20,2020-02-21,2020-02-22,2020-02-23,2020-02-24,2020-02-25,2020-02-26,2020-02-27,2020-02-28,2020-02-29,2020-03-01,2020-03-02,2020-03-03,2020-03-04,2020-03-05,2020-03-06,2020-03-07,2020-03-08,2020-03-09,2020-03-10,2020-03-11,2020-03-12,2020-03-13,2020-03-14,2020-03-15,2020-03-16,2020-03-17,2020-03-18,2020-03-19,2020-03-20,2020-03-21,2020-03-22,2020-03-23,2020-03-24,2020-03-25,2020-03-26,2020-03-27,2020-03-28,2020-03-29,2020-03-30,2020-03-31,2020-04-01,2020-04-02,2020-04-03,2020-04-04,2020-04-05,2020-04-06,2020-04-07,2020-04-08,2020-04-09,2020-04-10,2020-04-11,2020-04-12,2020-04-13,2020-04-14,2020-04-15,2020-04-16,2020-04-17,2020-04-18,2020-04-19,2020-04-20,2020-04-21,2020-04-22,2020-04-23,2020-04-24,2020-04-25,2020-04-26,2020-04-27,2020-04-28,2020-04-29,2020-04-30,2020-05-01,2020-05-02,2020-05-03,2020-05-04,2020-05-05,2020-05-06,2020-05-07,2020-05-08,2020-05-09,2020-05-10,2020-05-11,2020-05-12,2020-05-13,2020-05-14,2020-05-15,2020-05-16,2020-05-17,2020-05-18,2020-05-19,2020-05-20,2020-05-21,2020-05-22,2020-05-23,2020-05-24,2020-05-25,2020-05-26,2020-05-27,2020-05-28,2020-05-29,2020-05-30,2020-05-31,2020-06-01,2020-06-02,2020-06-03,2020-06-04,2020-06-05
Andaman and Nicobar Islands,0.0,0.0,0.0,0.0,0.0,0.0,0.0,0.0,0.0,0.0,0.0,0.0,0.0,0.0,0.0,0.0,0.0,0.0,0.0,0.0,0.0,0.0,0.0,0.0,0.0,0.0,0.0,0.0,0.0,0.0,0.0,0.0,0.0,0.0,0.0,0.0,0.0,0.0,0.0,0.0,0.0,0.0,0.0,0.0,0.0,0.0,0.0,0.0,0.0,0.0,0.0,0.0,0.0,0.0,0.0,0.0,1.0,1.0,6.0,9.0,9.0,10.0,10.0,10.0,10.0,10.0,10.0,10.0,10.0,10.0,11.0,11.0,11.0,11.0,11.0,11.0,11.0,11.0,11.0,12.0,14.0,15.0,16.0,17.0,18.0,22.0,27.0,33.0,33.0,33.0,33.0,33.0,33.0,33.0,33.0,33.0,33.0,33.0,33.0,33.0,33.0,33.0,33.0,33.0,33.0,33.0,33.0,33.0,33.0,33.0,33.0,33.0,33.0,33.0,33.0,33.0,33.0,33.0,33.0,33.0,33.0,33.0,33.0,33.0,33.0,33.0,33.0,33.0
Andhra Pradesh,0.0,0.0,0.0,0.0,0.0,0.0,0.0,0.0,0.0,0.0,0.0,0.0,0.0,0.0,0.0,0.0,0.0,0.0,0.0,0.0,0.0,0.0,0.0,0.0,0.0,0.0,0.0,0.0,0.0,0.0,0.0,0.0,0.0,0.0,0.0,0.0,0.0,0.0,0.0,0.0,0.0,0.0,1.0,1.0,1.0,1.0,1.0,1.0,1.0,2.0,3.0,3.0,5.0,7.0,8.0,9.0,11.0,12.0,14.0,19.0,23.0,40.0,83.0,86.0,132.0,161.0,190.0,226.0,266.0,305.0,348.0,363.0,381.0,381.0,432.0,473.0,503.0,534.0,572.0,603.0,603.0,722.0,757.0,813.0,895.0,955.0,1061.0,1097.0,1177.0,1259.0,1332.0,1403.0,1463.0,1463.0,1583.0,1650.0,1717.0,1717.0,1777.0,1847.0,1887.0,1930.0,1980.0,2018.0,2090.0,2137.0,2205.0,2307.0,2355.0,2407.0,2474.0,2532.0,2602.0,2647.0,2709.0,2757.0,2823.0,3110.0,3171.0,3171.0,3251.0,3436.0,3569.0,3679.0,3783.0,3898.0,4080.0,4223.0
Arunachal Pradesh,0.0,0.0,0.0,0.0,0.0,0.0,0.0,0.0,0.0,0.0,0.0,0.0,0.0,0.0,0.0,0.0,0.0,0.0,0.0,0.0,0.0,0.0,0.0,0.0,0.0,0.0,0.0,0.0,0.0,0.0,0.0,0.0,0.0,0.0,0.0,0.0,0.0,0.0,0.0,0.0,0.0,0.0,0.0,0.0,0.0,0.0,0.0,0.0,0.0,0.0,0.0,0.0,0.0,0.0,0.0,0.0,0.0,0.0,0.0,0.0,0.0,0.0,0.0,0.0,1.0,1.0,1.0,1.0,1.0,1.0,1.0,1.0,1.0,1.0,1.0,1.0,1.0,1.0,1.0,1.0,1.0,1.0,1.0,1.0,1.0,1.0,1.0,1.0,1.0,1.0,1.0,1.0,1.0,1.0,1.0,1.0,1.0,1.0,1.0,1.0,1.0,1.0,1.0,1.0,1.0,1.0,1.0,1.0,1.0,1.0,1.0,1.0,1.0,1.0,1.0,1.0,1.0,2.0,2.0,2.0,3.0,3.0,4.0,4.0,22.0,22.0,38.0,42.0
Assam,0.0,0.0,0.0,0.0,0.0,0.0,0.0,0.0,0.0,0.0,0.0,0.0,0.0,0.0,0.0,0.0,0.0,0.0,0.0,0.0,0.0,0.0,0.0,0.0,0.0,0.0,0.0,0.0,0.0,0.0,0.0,0.0,0.0,0.0,0.0,0.0,0.0,0.0,0.0,0.0,0.0,0.0,0.0,0.0,0.0,0.0,0.0,0.0,0.0,0.0,0.0,0.0,0.0,0.0,0.0,0.0,0.0,0.0,0.0,0.0,0.0,0.0,1.0,5.0,16.0,24.0,26.0,26.0,26.0,27.0,28.0,29.0,29.0,29.0,31.0,31.0,33.0,33.0,35.0,35.0,35.0,35.0,35.0,35.0,35.0,36.0,36.0,36.0,36.0,38.0,38.0,42.0,42.0,43.0,43.0,43.0,43.0,43.0,45.0,54.0,59.0,63.0,63.0,65.0,65.0,80.0,87.0,90.0,92.0,101.0,107.0,142.0,170.0,203.0,259.0,329.0,378.0,526.0,616.0,781.0,856.0,1024.0,1185.0,1272.0,1390.0,1513.0,1672.0,1988.0
Bihar,0.0,0.0,0.0,0.0,0.0,0.0,0.0,0.0,0.0,0.0,0.0,0.0,0.0,0.0,0.0,0.0,0.0,0.0,0.0,0.0,0.0,0.0,0.0,0.0,0.0,0.0,0.0,0.0,0.0,0.0,0.0,0.0,0.0,0.0,0.0,0.0,0.0,0.0,0.0,0.0,0.0,0.0,0.0,0.0,0.0,0.0,0.0,0.0,0.0,0.0,0.0,0.0,2.0,2.0,3.0,4.0,6.0,6.0,9.0,11.0,15.0,15.0,23.0,24.0,29.0,30.0,30.0,32.0,32.0,38.0,39.0,60.0,60.0,64.0,64.0,66.0,70.0,74.0,83.0,85.0,86.0,96.0,114.0,126.0,148.0,176.0,228.0,251.0,277.0,346.0,383.0,403.0,426.0,471.0,482.0,517.0,529.0,536.0,542.0,550.0,571.0,591.0,696.0,747.0,831.0,940.0,994.0,1018.0,1179.0,1262.0,1391.0,1498.0,1674.0,1982.0,2177.0,2380.0,2587.0,2730.0,2983.0,3061.0,3296.0,3376.0,3636.0,3815.0,3926.0,4155.0,4390.0,4493.0
Cases being reassigned to states,0.0,0.0,0.0,0.0,0.0,0.0,0.0,0.0,0.0,0.0,0.0,0.0,0.0,0.0,0.0,0.0,0.0,0.0,0.0,0.0,0.0,0.0,0.0,0.0,0.0,0.0,0.0,0.0,0.0,0.0,0.0,0.0,0.0,0.0,0.0,0.0,0.0,0.0,0.0,0.0,0.0,0.0,0.0,0.0,0.0,0.0,0.0,0.0,0.0,0.0,0.0,0.0,0.0,0.0,0.0,0.0,0.0,0.0,0.0,0.0,0.0,0.0,0.0,0.0,0.0,0.0,0.0,0.0,0.0,0.0,0.0,0.0,0.0,0.0,0.0,0.0,0.0,0.0,0.0,0.0,0.0,0.0,0.0,0.0,0.0,0.0,0.0,0.0,0.0,0.0,0.0,0.0,0.0,0.0,0.0,0.0,0.0,0.0,0.0,0.0,0.0,0.0,0.0,0.0,0.0,0.0,0.0,0.0,0.0,0.0,0.0,1096.0,1403.0,1620.0,1899.0,2338.0,2642.0,2970.0,4013.0,4332.0,4673.0,5043.0,5491.0,5630.0,6414.0,7123.0,7483.0,7610.0
Chandigarh,0.0,0.0,0.0,0.0,0.0,0.0,0.0,0.0,0.0,0.0,0.0,0.0,0.0,0.0,0.0,0.0,0.0,0.0,0.0,0.0,0.0,0.0,0.0,0.0,0.0,0.0,0.0,0.0,0.0,0.0,0.0,0.0,0.0,0.0,0.0,0.0,0.0,0.0,0.0,0.0,0.0,0.0,0.0,0.0,0.0,0.0,0.0,0.0,0.0,1.0,1.0,1.0,5.0,6.0,7.0,7.0,7.0,7.0,8.0,8.0,8.0,13.0,16.0,16.0,18.0,18.0,18.0,18.0,18.0,18.0,18.0,18.0,18.0,19.0,21.0,21.0,21.0,21.0,21.0,21.0,23.0,26.0,26.0,27.0,27.0,27.0,28.0,30.0,30.0,40.0,56.0,56.0,56.0,88.0,94.0,94.0,102.0,111.0,120.0,135.0,150.0,169.0,169.0,174.0,187.0,187.0,191.0,191.0,191.0,191.0,196.0,200.0,202.0,217.0,218.0,225.0,238.0,238.0,266.0,279.0,288.0,289.0,289.0,293.0,294.0,301.0,301.0,301.0
Chhattisgarh,0.0,0.0,0.0,0.0,0.0,0.0,0.0,0.0,0.0,0.0,0.0,0.0,0.0,0.0,0.0,0.0,0.0,0.0,0.0,0.0,0.0,0.0,0.0,0.0,0.0,0.0,0.0,0.0,0.0,0.0,0.0,0.0,0.0,0.0,0.0,0.0,0.0,0.0,0.0,0.0,0.0,0.0,0.0,0.0,0.0,0.0,0.0,0.0,0.0,1.0,1.0,1.0,1.0,1.0,1.0,1.0,6.0,6.0,6.0,7.0,7.0,8.0,9.0,9.0,9.0,9.0,9.0,10.0,10.0,10.0,10.0,10.0,18.0,25.0,31.0,31.0,33.0,33.0,36.0,36.0,36.0,36.0,36.0,36.0,36.0,36.0,36.0,37.0,37.0,37.0,38.0,38.0,40.0,43.0,43.0,57.0,58.0,59.0,59.0,59.0,59.0,59.0,59.0,59.0,59.0,59.0,60.0,66.0,67.0,86.0,93.0,101.0,115.0,128.0,172.0,214.0,252.0,291.0,361.0,369.0,399.0,415.0,447.0,498.0,547.0,564.0,668.0,756.0
Dadar Nagar Haveli,0.0,0.0,0.0,0.0,0.0,0.0,0.0,0.0,0.0,0.0,0.0,0.0,0.0,0.0,0.0,0.0,0.0,0.0,0.0,0.0,0.0,0.0,0.0,0.0,0.0,0.0,0.0,0.0,0.0,0.0,0.0,0.0,0.0,0.0,0.0,0.0,0.0,0.0,0.0,0.0,0.0,0.0,0.0,0.0,0.0,0.0,0.0,0.0,0.0,0.0,0.0,0.0,0.0,0.0,0.0,0.0,0.0,0.0,0.0,0.0,0.0,0.0,0.0,0.0,0.0,0.0,0.0,0.0,0.0,0.0,0.0,0.0,0.0,0.0,0.0,0.0,0.0,0.0,0.0,0.0,0.0,0.0,0.0,0.0,0.0,0.0,0.0,0.0,0.0,0.0,0.0,0.0,0.0,0.0,0.0,0.0,0.0,1.0,1.0,1.0,1.0,1.0,1.0,1.0,1.0,1.0,1.0,1.0,1.0,1.0,1.0,1.0,1.0,1.0,1.0,2.0,2.0,2.0,2.0,2.0,2.0,2.0,2.0,2.0,3.0,4.0,8.0,12.0
Delhi,0.0,0.0,0.0,0.0,0.0,0.0,0.0,0.0,0.0,0.0,0.0,0.0,0.0,0.0,0.0,0.0,0.0,0.0,0.0,0.0,0.0,0.0,0.0,0.0,0.0,0.0,0.0,0.0,0.0,0.0,0.0,0.0,1.0,1.0,1.0,2.0,3.0,3.0,3.0,4.0,4.0,5.0,6.0,6.0,7.0,7.0,7.0,8.0,10.0,12.0,17.0,26.0,29.0,29.0,30.0,31.0,36.0,36.0,39.0,49.0,87.0,97.0,152.0,219.0,219.0,445.0,503.0,523.0,576.0,576.0,669.0,898.0,903.0,1069.0,1154.0,1510.0,1561.0,1578.0,1640.0,1707.0,1893.0,2003.0,2081.0,2156.0,2248.0,2376.0,2514.0,2625.0,2918.0,3108.0,3314.0,3439.0,3515.0,3738.0,4122.0,4549.0,4898.0,5104.0,5532.0,5980.0,6318.0,6542.0,6923.0,7233.0,7639.0,7998.0,8470.0,8895.0,9333.0,10054.0,10054.0,10554.0,11088.0,11659.0,12319.0,12910.0,13418.0,14053.0,14465.0,15257.0,16281.0,17386.0,18549.0,19844.0,20834.0,22132.0,23645.0,25004.0
Goa,0.0,0.0,0.0,0.0,0.0,0.0,0.0,0.0,0.0,0.0,0.0,0.0,0.0,0.0,0.0,0.0,0.0,0.0,0.0,0.0,0.0,0.0,0.0,0.0,0.0,0.0,0.0,0.0,0.0,0.0,0.0,0.0,0.0,0.0,0.0,0.0,0.0,0.0,0.0,0.0,0.0,0.0,0.0,0.0,0.0,0.0,0.0,0.0,0.0,0.0,0.0,0.0,0.0,0.0,0.0,0.0,3.0,3.0,3.0,5.0,5.0,5.0,5.0,5.0,6.0,7.0,7.0,7.0,7.0,7.0,7.0,7.0,7.0,7.0,7.0,7.0,7.0,7.0,7.0,7.0,7.0,7.0,7.0,7.0,7.0,7.0,7.0,7.0,7.0,7.0,7.0,7.0,7.0,7.0,7.0,7.0,7.0,7.0,7.0,7.0,7.0,7.0,7.0,7.0,7.0,7.0,14.0,15.0,17.0,29.0,38.0,46.0,50.0,52.0,54.0,55.0,66.0,67.0,67.0,68.0,69.0,69.0,70.0,70.0,71.0,79.0,79.0,166.0
Gujarat,0.0,0.0,0.0,0.0,0.0,0.0,0.0,0.0,0.0,0.0,0.0,0.0,0.0,0.0,0.0,0.0,0.0,0.0,0.0,0.0,0.0,0.0,0.0,0.0,0.0,0.0,0.0,0.0,0.0,0.0,0.0,0.0,0.0,0.0,0.0,0.0,0.0,0.0,0.0,0.0,0.0,0.0,0.0,0.0,0.0,0.0,0.0,0.0,0.0,0.0,5.0,7.0,18.0,29.0,33.0,38.0,43.0,43.0,45.0,58.0,69.0,73.0,82.0,87.0,95.0,105.0,122.0,144.0,165.0,165.0,179.0,241.0,308.0,432.0,539.0,617.0,695.0,871.0,1021.0,1272.0,1604.0,1851.0,2066.0,2272.0,2407.0,2624.0,2815.0,3071.0,3301.0,3548.0,3774.0,4082.0,4395.0,4721.0,5055.0,5428.0,5804.0,6245.0,6625.0,7012.0,7402.0,7796.0,8194.0,8541.0,8903.0,9267.0,9591.0,9931.0,10988.0,11379.0,11745.0,12140.0,12537.0,12905.0,13268.0,13664.0,14056.0,14460.0,14821.0,15195.0,15562.0,15934.0,16343.0,16779.0,17200.0,17617.0,18100.0,18584.0
Haryana,0.0,0.0,0.0,0.0,0.0,0.0,0.0,0.0,0.0,0.0,0.0,0.0,0.0,0.0,0.0,0.0,0.0,0.0,0.0,0.0,0.0,0.0,0.0,0.0,0.0,0.0,0.0,0.0,0.0,0.0,0.0,0.0,0.0,0.0,2.0,2.0,2.0,2.0,2.0,2.0,2.0,14.0,14.0,14.0,14.0,14.0,14.0,15.0,17.0,17.0,17.0,17.0,21.0,26.0,28.0,28.0,30.0,30.0,33.0,33.0,36.0,40.0,43.0,43.0,49.0,49.0,59.0,84.0,90.0,147.0,169.0,169.0,177.0,185.0,185.0,199.0,199.0,205.0,205.0,225.0,233.0,233.0,254.0,254.0,262.0,272.0,272.0,289.0,289.0,296.0,310.0,310.0,313.0,360.0,394.0,442.0,517.0,548.0,594.0,625.0,647.0,675.0,703.0,730.0,780.0,793.0,818.0,818.0,887.0,910.0,928.0,964.0,993.0,1031.0,1067.0,1131.0,1184.0,1184.0,1305.0,1381.0,1504.0,1721.0,1923.0,2091.0,2356.0,2652.0,2954.0,3281.0
Himachal Pradesh,0.0,0.0,0.0,0.0,0.0,0.0,0.0,0.0,0.0,0.0,0.0,0.0,0.0,0.0,0.0,0.0,0.0,0.0,0.0,0.0,0.0,0.0,0.0,0.0,0.0,0.0,0.0,0.0,0.0,0.0,0.0,0.0,0.0,0.0,0.0,0.0,0.0,0.0,0.0,0.0,0.0,0.0,0.0,0.0,0.0,0.0,0.0,0.0,0.0,0.0,0.0,2.0,2.0,2.0,3.0,3.0,3.0,3.0,3.0,3.0,3.0,3.0,3.0,3.0,6.0,6.0,6.0,13.0,13.0,18.0,18.0,28.0,28.0,32.0,32.0,32.0,33.0,35.0,35.0,38.0,39.0,39.0,39.0,39.0,40.0,40.0,40.0,40.0,40.0,40.0,40.0,40.0,40.0,40.0,40.0,40.0,41.0,42.0,45.0,46.0,50.0,50.0,55.0,59.0,65.0,66.0,74.0,76.0,78.0,80.0,90.0,92.0,110.0,152.0,168.0,185.0,203.0,223.0,247.0,273.0,276.0,295.0,313.0,331.0,340.0,345.0,359.0,383.0
Jammu and Kashmir,0.0,0.0,0.0,0.0,0.0,0.0,0.0,0.0,0.0,0.0,0.0,0.0,0.0,0.0,0.0,0.0,0.0,0.0,0.0,0.0,0.0,0.0,0.0,0.0,0.0,0.0,0.0,0.0,0.0,0.0,0.0,0.0,0.0,0.0,0.0,0.0,0.0,0.0,0.0,1.0,1.0,1.0,1.0,1.0,2.0,2.0,3.0,3.0,3.0,4.0,4.0,4.0,4.0,4.0,4.0,7.0,13.0,13.0,20.0,31.0,48.0,54.0,62.0,62.0,75.0,75.0,106.0,109.0,116.0,116.0,158.0,184.0,207.0,224.0,245.0,270.0,278.0,300.0,314.0,328.0,341.0,350.0,368.0,380.0,407.0,427.0,454.0,494.0,523.0,546.0,565.0,581.0,614.0,639.0,666.0,701.0,726.0,741.0,775.0,793.0,823.0,836.0,861.0,879.0,934.0,971.0,983.0,1013.0,1121.0,1183.0,1289.0,1317.0,1390.0,1449.0,1489.0,1569.0,1621.0,1668.0,1759.0,1921.0,2036.0,2164.0,2341.0,2446.0,2601.0,2718.0,2857.0,3142.0
Jharkhand,0.0,0.0,0.0,0.0,0.0,0.0,0.0,0.0,0.0,0.0,0.0,0.0,0.0,0.0,0.0,0.0,0.0,0.0,0.0,0.0,0.0,0.0,0.0,0.0,0.0,0.0,0.0,0.0,0.0,0.0,0.0,0.0,0.0,0.0,0.0,0.0,0.0,0.0,0.0,0.0,0.0,0.0,0.0,0.0,0.0,0.0,0.0,0.0,0.0,0.0,0.0,0.0,0.0,0.0,0.0,0.0,0.0,0.0,0.0,0.0,0.0,0.0,1.0,1.0,2.0,2.0,3.0,4.0,4.0,4.0,13.0,13.0,17.0,17.0,19.0,24.0,27.0,28.0,29.0,33.0,35.0,42.0,46.0,45.0,49.0,55.0,59.0,67.0,82.0,103.0,105.0,107.0,111.0,111.0,115.0,115.0,115.0,125.0,127.0,132.0,132.0,156.0,157.0,160.0,172.0,173.0,197.0,203.0,217.0,223.0,223.0,231.0,231.0,290.0,308.0,350.0,370.0,377.0,426.0,448.0,469.0,511.0,563.0,610.0,659.0,712.0,752.0,793.0
Karnataka,0.0,0.0,0.0,0.0,0.0,0.0,0.0,0.0,0.0,0.0,0.0,0.0,0.0,0.0,0.0,0.0,0.0,0.0,0.0,0.0,0.0,0.0,0.0,0.0,0.0,0.0,0.0,0.0,0.0,0.0,0.0,0.0,0.0,0.0,0.0,0.0,0.0,0.0,0.0,1.0,4.0,4.0,4.0,6.0,6.0,6.0,6.0,11.0,11.0,14.0,15.0,15.0,26.0,33.0,37.0,41.0,55.0,55.0,55.0,76.0,83.0,83.0,101.0,110.0,124.0,128.0,144.0,151.0,175.0,175.0,181.0,197.0,214.0,226.0,247.0,258.0,277.0,315.0,353.0,371.0,384.0,395.0,415.0,425.0,443.0,463.0,489.0,501.0,511.0,520.0,532.0,557.0,576.0,589.0,606.0,642.0,659.0,671.0,693.0,705.0,753.0,794.0,848.0,862.0,925.0,959.0,987.0,1056.0,1092.0,1147.0,1246.0,1397.0,1462.0,1605.0,1743.0,1959.0,2089.0,2182.0,2283.0,2418.0,2533.0,2781.0,2922.0,3221.0,3408.0,3796.0,4063.0,4320.0
Kerala,1.0,1.0,2.0,3.0,3.0,3.0,3.0,3.0,3.0,3.0,3.0,3.0,3.0,3.0,3.0,3.0,3.0,3.0,3.0,3.0,3.0,3.0,3.0,3.0,3.0,3.0,3.0,3.0,3.0,3.0,3.0,3.0,3.0,3.0,3.0,3.0,3.0,3.0,8.0,9.0,15.0,17.0,17.0,19.0,19.0,22.0,23.0,26.0,27.0,27.0,28.0,40.0,52.0,67.0,95.0,109.0,118.0,137.0,176.0,182.0,202.0,234.0,241.0,265.0,286.0,295.0,306.0,314.0,327.0,336.0,345.0,357.0,364.0,374.0,376.0,379.0,387.0,388.0,395.0,396.0,400.0,402.0,408.0,427.0,438.0,448.0,451.0,458.0,469.0,482.0,486.0,496.0,497.0,497.0,500.0,500.0,500.0,502.0,503.0,503.0,503.0,505.0,512.0,519.0,524.0,534.0,560.0,576.0,587.0,601.0,630.0,642.0,666.0,690.0,732.0,795.0,847.0,896.0,963.0,1004.0,1088.0,1150.0,1208.0,1269.0,1326.0,1412.0,1494.0,1588.0
Ladakh,0.0,0.0,0.0,0.0,0.0,0.0,0.0,0.0,0.0,0.0,0.0,0.0,0.0,0.0,0.0,0.0,0.0,0.0,0.0,0.0,0.0,0.0,0.0,0.0,0.0,0.0,0.0,0.0,0.0,0.0,0.0,0.0,0.0,0.0,0.0,0.0,0.0,2.0,2.0,2.0,2.0,2.0,3.0,3.0,3.0,3.0,4.0,6.0,8.0,8.0,10.0,13.0,13.0,13.0,13.0,13.0,13.0,13.0,13.0,13.0,13.0,13.0,13.0,13.0,14.0,14.0,14.0,14.0,14.0,14.0,14.0,15.0,15.0,15.0,15.0,15.0,17.0,17.0,18.0,18.0,18.0,18.0,18.0,18.0,18.0,18.0,20.0,20.0,20.0,22.0,22.0,22.0,22.0,22.0,40.0,41.0,41.0,41.0,41.0,42.0,42.0,42.0,42.0,42.0,42.0,43.0,43.0,43.0,43.0,43.0,43.0,43.0,44.0,44.0,44.0,49.0,52.0,52.0,53.0,53.0,73.0,74.0,74.0,74.0,77.0,81.0,90.0,90.0
Madhya Pradesh,0.0,0.0,0.0,0.0,0.0,0.0,0.0,0.0,0.0,0.0,0.0,0.0,0.0,0.0,0.0,0.0,0.0,0.0,0.0,0.0,0.0,0.0,0.0,0.0,0.0,0.0,0.0,0.0,0.0,0.0,0.0,0.0,0.0,0.0,0.0,0.0,0.0,0.0,0.0,0.0,0.0,0.0,0.0,0.0,0.0,0.0,0.0,0.0,0.0,0.0,0.0,4.0,4.0,6.0,7.0,14.0,20.0,20.0,30.0,30.0,47.0,47.0,66.0,99.0,104.0,104.0,165.0,165.0,229.0,229.0,259.0,259.0,443.0,564.0,604.0,730.0,987.0,1120.0,1308.0,1355.0,1407.0,1485.0,1540.0,1592.0,1695.0,1852.0,1952.0,2096.0,2168.0,2368.0,2561.0,2660.0,2719.0,2719.0,2846.0,2942.0,3049.0,3049.0,3138.0,3252.0,3341.0,3614.0,3614.0,3785.0,3986.0,4173.0,4426.0,4595.0,4789.0,4977.0,5236.0,5465.0,5735.0,5981.0,6170.0,6371.0,6665.0,6859.0,7024.0,7261.0,7453.0,7645.0,7891.0,8089.0,8283.0,8420.0,8588.0,8762.0
Maharashtra,0.0,0.0,0.0,0.0,0.0,0.0,0.0,0.0,0.0,0.0,0.0,0.0,0.0,0.0,0.0,0.0,0.0,0.0,0.0,0.0,0.0,0.0,0.0,0.0,0.0,0.0,0.0,0.0,0.0,0.0,0.0,0.0,0.0,0.0,0.0,0.0,0.0,0.0,0.0,2.0,5.0,2.0,11.0,14.0,14.0,32.0,32.0,39.0,42.0,47.0,52.0,63.0,67.0,74.0,89.0,128.0,124.0,130.0,180.0,186.0,198.0,216.0,302.0,335.0,335.0,490.0,490.0,748.0,868.0,1018.0,1135.0,1364.0,1574.0,1761.0,1985.0,2337.0,2687.0,2919.0,3205.0,3323.0,3651.0,4203.0,4669.0,5221.0,5652.0,6430.0,6817.0,7628.0,8068.0,8590.0,9318.0,9915.0,10498.0,11506.0,12296.0,12974.0,14541.0,15525.0,16758.0,17974.0,19063.0,20228.0,22171.0,23401.0,24427.0,25922.0,27524.0,29100.0,30706.0,33053.0,35058.0,37136.0,39297.0,41642.0,44582.0,47190.0,50231.0,52667.0,54758.0,56948.0,59546.0,62228.0,65168.0,67655.0,70013.0,72300.0,74860.0,77793.0
Manipur,0.0,0.0,0.0,0.0,0.0,0.0,0.0,0.0,0.0,0.0,0.0,0.0,0.0,0.0,0.0,0.0,0.0,0.0,0.0,0.0,0.0,0.0,0.0,0.0,0.0,0.0,0.0,0.0,0.0,0.0,0.0,0.0,0.0,0.0,0.0,0.0,0.0,0.0,0.0,0.0,0.0,0.0,0.0,0.0,0.0,0.0,0.0,0.0,0.0,0.0,0.0,0.0,0.0,0.0,1.0,1.0,1.0,1.0,1.0,1.0,1.0,1.0,1.0,1.0,2.0,2.0,2.0,2.0,2.0,2.0,2.0,2.0,2.0,2.0,2.0,2.0,2.0,2.0,2.0,2.0,2.0,2.0,2.0,2.0,2.0,2.0,2.0,2.0,2.0,2.0,2.0,2.0,2.0,2.0,2.0,2.0,2.0,2.0,2.0,2.0,2.0,2.0,2.0,2.0,2.0,2.0,3.0,3.0,7.0,7.0,7.0,9.0,25.0,25.0,26.0,29.0,32.0,39.0,39.0,44.0,55.0,59.0,62.0,71.0,83.0,89.0,118.0,124.0
Meghalaya,0.0,0.0,0.0,0.0,0.0,0.0,0.0,0.0,0.0,0.0,0.0,0.0,0.0,0.0,0.0,0.0,0.0,0.0,0.0,0.0,0.0,0.0,0.0,0.0,0.0,0.0,0.0,0.0,0.0,0.0,0.0,0.0,0.0,0.0,0.0,0.0,0.0,0.0,0.0,0.0,0.0,0.0,0.0,0.0,0.0,0.0,0.0,0.0,0.0,0.0,0.0,0.0,0.0,0.0,0.0,0.0,0.0,0.0,0.0,0.0,0.0,0.0,0.0,0.0,0.0,0.0,0.0,0.0,0.0,0.0,0.0,0.0,0.0,0.0,0.0,1.0,7.0,7.0,9.0,11.0,11.0,11.0,11.0,12.0,12.0,12.0,12.0,12.0,12.0,12.0,12.0,12.0,12.0,12.0,12.0,12.0,12.0,12.0,12.0,12.0,12.0,13.0,13.0,13.0,13.0,13.0,13.0,13.0,13.0,13.0,13.0,13.0,14.0,14.0,14.0,14.0,14.0,14.0,15.0,20.0,21.0,27.0,27.0,27.0,27.0,27.0,33.0,33.0
Mizoram,0.0,0.0,0.0,0.0,0.0,0.0,0.0,0.0,0.0,0.0,0.0,0.0,0.0,0.0,0.0,0.0,0.0,0.0,0.0,0.0,0.0,0.0,0.0,0.0,0.0,0.0,0.0,0.0,0.0,0.0,0.0,0.0,0.0,0.0,0.0,0.0,0.0,0.0,0.0,0.0,0.0,0.0,0.0,0.0,0.0,0.0,0.0,0.0,0.0,0.0,0.0,0.0,0.0,0.0,0.0,1.0,1.0,1.0,1.0,1.0,1.0,1.0,1.0,1.0,1.0,1.0,1.0,1.0,1.0,1.0,1.0,1.0,1.0,1.0,1.0,1.0,1.0,1.0,1.0,1.0,1.0,1.0,1.0,1.0,1.0,1.0,1.0,1.0,1.0,1.0,1.0,1.0,1.0,1.0,1.0,1.0,1.0,1.0,1.0,1.0,1.0,1.0,1.0,1.0,1.0,1.0,1.0,1.0,1.0,1.0,1.0,1.0,1.0,1.0,1.0,1.0,1.0,1.0,1.0,1.0,1.0,1.0,1.0,1.0,1.0,13.0,14.0,17.0
Nagaland,0.0,0.0,0.0,0.0,0.0,0.0,0.0,0.0,0.0,0.0,0.0,0.0,0.0,0.0,0.0,0.0,0.0,0.0,0.0,0.0,0.0,0.0,0.0,0.0,0.0,0.0,0.0,0.0,0.0,0.0,0.0,0.0,0.0,0.0,0.0,0.0,0.0,0.0,0.0,0.0,0.0,0.0,0.0,0.0,0.0,0.0,0.0,0.0,0.0,0.0,0.0,0.0,0.0,0.0,0.0,0.0,0.0,0.0,0.0,0.0,0.0,0.0,0.0,0.0,0.0,0.0,0.0,0.0,0.0,0.0,0.0,0.0,0.0,0.0,1.0,1.0,0.0,0.0,0.0,0.0,0.0,0.0,0.0,0.0,0.0,0.0,0.0,0.0,0.0,0.0,0.0,0.0,0.0,0.0,0.0,0.0,0.0,0.0,0.0,0.0,0.0,0.0,0.0,0.0,0.0,0.0,0.0,0.0,0.0,0.0,0.0,0.0,0.0,0.0,0.0,0.0,0.0,3.0,4.0,4.0,18.0,25.0,36.0,43.0,43.0,49.0,58.0,80.0
Odisha,0.0,0.0,0.0,0.0,0.0,0.0,0.0,0.0,0.0,0.0,0.0,0.0,0.0,0.0,0.0,0.0,0.0,0.0,0.0,0.0,0.0,0.0,0.0,0.0,0.0,0.0,0.0,0.0,0.0,0.0,0.0,0.0,0.0,0.0,0.0,0.0,0.0,0.0,0.0,0.0,0.0,0.0,0.0,0.0,0.0,0.0,1.0,1.0,1.0,1.0,2.0,2.0,2.0,2.0,2.0,2.0,2.0,2.0,3.0,3.0,3.0,3.0,4.0,4.0,5.0,5.0,20.0,21.0,42.0,42.0,42.0,44.0,48.0,54.0,54.0,55.0,60.0,60.0,60.0,60.0,61.0,68.0,74.0,82.0,83.0,90.0,94.0,103.0,108.0,118.0,119.0,128.0,143.0,149.0,160.0,163.0,170.0,175.0,185.0,219.0,271.0,294.0,377.0,414.0,437.0,538.0,611.0,672.0,737.0,828.0,876.0,978.0,1052.0,1103.0,1189.0,1269.0,1336.0,1438.0,1517.0,1593.0,1660.0,1723.0,1819.0,1948.0,2104.0,2245.0,2388.0,2478.0
Puducherry,0.0,0.0,0.0,0.0,0.0,0.0,0.0,0.0,0.0,0.0,0.0,0.0,0.0,0.0,0.0,0.0,0.0,0.0,0.0,0.0,0.0,0.0,0.0,0.0,0.0,0.0,0.0,0.0,0.0,0.0,0.0,0.0,0.0,0.0,0.0,0.0,0.0,0.0,0.0,0.0,0.0,0.0,0.0,0.0,0.0,0.0,0.0,0.0,1.0,1.0,1.0,1.0,1.0,1.0,1.0,1.0,1.0,1.0,1.0,1.0,1.0,1.0,3.0,3.0,5.0,5.0,5.0,5.0,5.0,5.0,5.0,5.0,7.0,7.0,7.0,7.0,7.0,7.0,7.0,7.0,7.0,7.0,7.0,7.0,7.0,7.0,7.0,7.0,8.0,8.0,8.0,8.0,8.0,8.0,8.0,8.0,9.0,9.0,9.0,9.0,9.0,9.0,9.0,12.0,13.0,13.0,13.0,13.0,13.0,13.0,18.0,18.0,18.0,20.0,26.0,26.0,41.0,41.0,46.0,46.0,51.0,51.0,51.0,70.0,74.0,82.0,82.0,82.0
Punjab,0.0,0.0,0.0,0.0,0.0,0.0,0.0,0.0,0.0,0.0,0.0,0.0,0.0,0.0,0.0,0.0,0.0,0.0,0.0,0.0,0.0,0.0,0.0,0.0,0.0,0.0,0.0,0.0,0.0,0.0,0.0,0.0,0.0,0.0,0.0,0.0,0.0,0.0,0.0,1.0,1.0,1.0,1.0,1.0,1.0,1.0,1.0,1.0,1.0,2.0,2.0,13.0,21.0,21.0,29.0,29.0,33.0,33.0,38.0,38.0,38.0,41.0,42.0,46.0,48.0,57.0,57.0,76.0,91.0,91.0,101.0,132.0,132.0,151.0,167.0,176.0,186.0,186.0,186.0,202.0,219.0,219.0,245.0,251.0,277.0,277.0,298.0,298.0,313.0,313.0,322.0,357.0,357.0,480.0,772.0,1102.0,1233.0,1451.0,1516.0,1644.0,1731.0,1762.0,1823.0,1877.0,1914.0,1924.0,1935.0,1935.0,1946.0,1964.0,1980.0,2002.0,2005.0,2028.0,2029.0,2045.0,2060.0,2060.0,2106.0,2139.0,2158.0,2197.0,2233.0,2263.0,2301.0,2342.0,2376.0,2415.0
Rajasthan,0.0,0.0,0.0,0.0,0.0,0.0,0.0,0.0,0.0,0.0,0.0,0.0,0.0,0.0,0.0,0.0,0.0,0.0,0.0,0.0,0.0,0.0,0.0,0.0,0.0,0.0,0.0,0.0,0.0,0.0,0.0,0.0,0.0,1.0,15.0,15.0,15.0,15.0,15.0,15.0,15.0,3.0,3.0,3.0,3.0,4.0,4.0,4.0,4.0,7.0,17.0,17.0,24.0,28.0,32.0,36.0,41.0,41.0,54.0,55.0,59.0,74.0,93.0,108.0,167.0,200.0,200.0,274.0,288.0,328.0,383.0,463.0,553.0,700.0,812.0,879.0,1005.0,1023.0,1131.0,1229.0,1351.0,1478.0,1576.0,1801.0,1890.0,1964.0,2034.0,2083.0,2185.0,2262.0,2364.0,2438.0,2584.0,2666.0,2772.0,2886.0,3061.0,3158.0,3317.0,3427.0,3579.0,3708.0,3814.0,3988.0,4126.0,4328.0,4534.0,4727.0,4960.0,5202.0,5507.0,5845.0,6015.0,6227.0,6494.0,6742.0,7028.0,7300.0,7536.0,7703.0,8067.0,8365.0,8617.0,8831.0,8980.0,9373.0,9652.0,9862.0
Sikkim,0.0,0.0,0.0,0.0,0.0,0.0,0.0,0.0,0.0,0.0,0.0,0.0,0.0,0.0,0.0,0.0,0.0,0.0,0.0,0.0,0.0,0.0,0.0,0.0,0.0,0.0,0.0,0.0,0.0,0.0,0.0,0.0,0.0,0.0,0.0,0.0,0.0,0.0,0.0,0.0,0.0,0.0,0.0,0.0,0.0,0.0,0.0,0.0,0.0,0.0,0.0,0.0,0.0,0.0,0.0,0.0,0.0,0.0,0.0,0.0,0.0,0.0,0.0,0.0,0.0,0.0,0.0,0.0,0.0,0.0,0.0,0.0,0.0,0.0,0.0,0.0,0.0,0.0,0.0,0.0,0.0,0.0,0.0,0.0,0.0,0.0,0.0,0.0,0.0,0.0,0.0,0.0,0.0,0.0,0.0,0.0,0.0,0.0,0.0,0.0,0.0,0.0,0.0,0.0,0.0,0.0,0.0,0.0,0.0,0.0,0.0,0.0,0.0,0.0,0.0,1.0,1.0,1.0,1.0,1.0,1.0,1.0,1.0,1.0,1.0,1.0,2.0,2.0
Tamil Nadu,0.0,0.0,0.0,0.0,0.0,0.0,0.0,0.0,0.0,0.0,0.0,0.0,0.0,0.0,0.0,0.0,0.0,0.0,0.0,0.0,0.0,0.0,0.0,0.0,0.0,0.0,0.0,0.0,0.0,0.0,0.0,0.0,0.0,0.0,0.0,0.0,0.0,1.0,1.0,1.0,1.0,1.0,1.0,1.0,1.0,1.0,1.0,1.0,1.0,2.0,3.0,3.0,7.0,9.0,15.0,18.0,26.0,29.0,40.0,49.0,67.0,74.0,234.0,234.0,309.0,411.0,485.0,571.0,621.0,690.0,738.0,834.0,911.0,969.0,1075.0,1173.0,1204.0,1242.0,1267.0,1323.0,1372.0,1477.0,1520.0,1596.0,1629.0,1683.0,1755.0,1821.0,1885.0,1937.0,2058.0,2162.0,2323.0,2526.0,2757.0,3023.0,3550.0,4058.0,4829.0,5409.0,6009.0,6535.0,7204.0,8002.0,8718.0,9227.0,9674.0,10108.0,10585.0,11224.0,11760.0,12448.0,13191.0,13967.0,14753.0,15512.0,16277.0,17082.0,17728.0,18545.0,19372.0,20246.0,21184.0,22333.0,23495.0,24586.0,25872.0,27256.0
Telengana,0.0,0.0,0.0,0.0,0.0,0.0,0.0,0.0,0.0,0.0,0.0,0.0,0.0,0.0,0.0,0.0,0.0,0.0,0.0,0.0,0.0,0.0,0.0,0.0,0.0,0.0,0.0,0.0,0.0,0.0,0.0,0.0,1.0,1.0,1.0,1.0,1.0,1.0,1.0,1.0,1.0,1.0,1.0,1.0,1.0,3.0,3.0,5.0,6.0,6.0,17.0,21.0,22.0,32.0,35.0,35.0,44.0,45.0,56.0,66.0,71.0,79.0,96.0,107.0,158.0,159.0,269.0,321.0,364.0,427.0,442.0,473.0,504.0,504.0,562.0,624.0,647.0,698.0,743.0,791.0,844.0,873.0,919.0,945.0,960.0,984.0,984.0,991.0,1002.0,1004.0,1012.0,1012.0,1039.0,1039.0,1063.0,1082.0,1085.0,1096.0,1107.0,1123.0,1133.0,1163.0,1196.0,1275.0,1326.0,1367.0,1414.0,1454.0,1509.0,1551.0,1597.0,1634.0,1661.0,1699.0,1761.0,1813.0,1854.0,1920.0,1991.0,2098.0,2256.0,2425.0,2499.0,2698.0,2792.0,2891.0,3020.0,3147.0
Tripura,0.0,0.0,0.0,0.0,0.0,0.0,0.0,0.0,0.0,0.0,0.0,0.0,0.0,0.0,0.0,0.0,0.0,0.0,0.0,0.0,0.0,0.0,0.0,0.0,0.0,0.0,0.0,0.0,0.0,0.0,0.0,0.0,0.0,0.0,0.0,0.0,0.0,0.0,0.0,0.0,0.0,0.0,0.0,0.0,0.0,0.0,0.0,0.0,0.0,0.0,0.0,0.0,0.0,0.0,0.0,0.0,0.0,0.0,0.0,0.0,0.0,0.0,0.0,0.0,0.0,0.0,0.0,0.0,1.0,1.0,1.0,1.0,2.0,2.0,2.0,2.0,2.0,2.0,2.0,2.0,2.0,2.0,2.0,2.0,2.0,2.0,2.0,2.0,2.0,2.0,2.0,2.0,2.0,2.0,4.0,16.0,29.0,43.0,43.0,65.0,118.0,134.0,150.0,152.0,154.0,155.0,156.0,156.0,167.0,167.0,167.0,173.0,173.0,173.0,175.0,189.0,191.0,194.0,207.0,230.0,242.0,251.0,268.0,313.0,420.0,468.0,468.0,644.0
Uttar Pradesh,0.0,0.0,0.0,0.0,0.0,0.0,0.0,0.0,0.0,0.0,0.0,0.0,0.0,0.0,0.0,0.0,0.0,0.0,0.0,0.0,0.0,0.0,0.0,0.0,0.0,0.0,0.0,0.0,0.0,0.0,0.0,0.0,0.0,0.0,6.0,7.0,7.0,7.0,7.0,7.0,7.0,9.0,11.0,11.0,12.0,13.0,13.0,15.0,16.0,19.0,23.0,24.0,27.0,31.0,33.0,37.0,41.0,41.0,55.0,65.0,82.0,101.0,103.0,113.0,172.0,174.0,227.0,305.0,305.0,343.0,410.0,431.0,433.0,452.0,483.0,657.0,735.0,773.0,846.0,969.0,1084.0,1176.0,1294.0,1412.0,1509.0,1604.0,1778.0,1843.0,1955.0,2043.0,2115.0,2203.0,2281.0,2328.0,2626.0,2742.0,2859.0,2880.0,2998.0,3071.0,3214.0,3373.0,3467.0,3573.0,3664.0,3729.0,3902.0,4057.0,4258.0,4259.0,4605.0,4926.0,5175.0,5515.0,5735.0,6017.0,6268.0,6532.0,6548.0,6991.0,7170.0,7284.0,7445.0,7823.0,8075.0,8361.0,8729.0,9237.0
Uttarakhand,0.0,0.0,0.0,0.0,0.0,0.0,0.0,0.0,0.0,0.0,0.0,0.0,0.0,0.0,0.0,0.0,0.0,0.0,0.0,0.0,0.0,0.0,0.0,0.0,0.0,0.0,0.0,0.0,0.0,0.0,0.0,0.0,0.0,0.0,0.0,0.0,0.0,0.0,0.0,0.0,0.0,0.0,0.0,0.0,0.0,1.0,1.0,1.0,1.0,1.0,3.0,3.0,3.0,3.0,4.0,4.0,5.0,5.0,5.0,7.0,7.0,7.0,7.0,7.0,10.0,16.0,22.0,26.0,31.0,31.0,35.0,35.0,35.0,35.0,35.0,35.0,37.0,37.0,37.0,42.0,42.0,44.0,46.0,46.0,46.0,47.0,48.0,50.0,51.0,51.0,54.0,55.0,57.0,58.0,59.0,60.0,60.0,61.0,61.0,61.0,63.0,67.0,68.0,68.0,69.0,72.0,78.0,82.0,88.0,92.0,93.0,111.0,122.0,146.0,153.0,244.0,317.0,349.0,401.0,469.0,500.0,716.0,749.0,907.0,958.0,1043.0,1085.0,1153.0
West Bengal,0.0,0.0,0.0,0.0,0.0,0.0,0.0,0.0,0.0,0.0,0.0,0.0,0.0,0.0,0.0,0.0,0.0,0.0,0.0,0.0,0.0,0.0,0.0,0.0,0.0,0.0,0.0,0.0,0.0,0.0,0.0,0.0,0.0,0.0,0.0,0.0,0.0,0.0,0.0,0.0,0.0,0.0,0.0,0.0,0.0,0.0,0.0,0.0,1.0,1.0,2.0,3.0,4.0,7.0,9.0,9.0,10.0,10.0,15.0,18.0,22.0,26.0,37.0,53.0,63.0,69.0,80.0,80.0,91.0,99.0,103.0,116.0,126.0,134.0,152.0,190.0,213.0,231.0,255.0,287.0,310.0,339.0,392.0,423.0,456.0,514.0,571.0,611.0,649.0,697.0,725.0,758.0,795.0,795.0,922.0,963.0,1259.0,1344.0,1456.0,1548.0,1678.0,1786.0,1939.0,2063.0,2173.0,2290.0,2377.0,2461.0,2576.0,2677.0,2825.0,2961.0,3103.0,3197.0,3332.0,3459.0,3667.0,3816.0,4009.0,4192.0,4536.0,4813.0,5130.0,5501.0,5772.0,6168.0,6508.0,6876.0
